<?xml version="1.0" encoding="UTF-8"?>
<!DOCTYPE suite SYSTEM "http://testng.org/testng-1.0.dtd">
<suite name="Suite">

	<groups>
		<run>
			<include name="sanity"></include>
		</run>
	</groups>
	
  <test thread-count="5" name="Test">
  <parameter name="browser" value="chrome"></parameter>
    <classes>
      <class name="com.project.Durgasoft8AMBatch.RadioButton1"/>
      <class name="com.project.Durgasoft8AMBatch.LinksTesting1"/>
      <class name="com.project.Durgasoft8AMBatch.CheckBox1"/>
      <class name="com.project.Durgasoft8AMBatch.TC_004"/>
    </classes>
  </test> <!-- Test -->
</suite> <!-- Suite -->
